{"stats":{"minecraft:mined":{"minecraft:grass":11,"minecraft:grass_block":1,"minecraft:dirt":1},"minecraft:used":{"minecraft:dirt":2},"minecraft:picked_up":{"minecraft:dirt":2},"minecraft:custom":{"minecraft:jump":21,"minecraft:open_chest":1,"minecraft:time_since_rest":1925,"minecraft:play_one_minute":1925,"minecraft:leave_game":2,"minecraft:sprint_one_cm":4696,"minecraft:time_since_death":1925,"minecraft:walk_one_cm":5361,"minecraft:fall_one_cm":418,"minecraft:fly_one_cm":2344}},"DataVersion":2586}