{"stats":{"minecraft:mined":{"minecraft:grass":35,"minecraft:grass_block":1,"minecraft:sunflower":1,"minecraft:dirt":1,"minecraft:tall_grass":10,"minecraft:oak_leaves":8},"minecraft:dropped":{"minecraft:wheat_seeds":1,"minecraft:egg":1},"minecraft:killed":{"minecraft:sheep":1},"minecraft:used":{"minecraft:dirt":2,"minecraft:mutton":2,"minecraft:sunflower":1,"minecraft:egg":5},"minecraft:custom":{"minecraft:time_since_rest":12863,"minecraft:open_chest":2,"minecraft:play_one_minute":12863,"minecraft:sprint_one_cm":19996,"minecraft:damage_taken":50,"minecraft:walk_one_cm":29663,"minecraft:mob_kills":1,"minecraft:drop":2,"minecraft:jump":216,"minecraft:damage_dealt":125,"minecraft:leave_game":8,"minecraft:time_since_death":12863,"minecraft:walk_on_water_one_cm":877,"minecraft:fall_one_cm":5281,"minecraft:fly_one_cm":52484},"minecraft:picked_up":{"minecraft:wheat_seeds":4,"minecraft:mutton":2,"minecraft:sunflower":1,"minecraft:dirt":2,"minecraft:white_wool":1,"minecraft:egg":6}},"DataVersion":2586}