{"stats":{"minecraft:picked_up":{"minecraft:dirt":2},"minecraft:custom":{"minecraft:jump":39,"minecraft:open_chest":2,"minecraft:time_since_rest":6830,"minecraft:play_one_minute":6830,"minecraft:leave_game":7,"minecraft:sprint_one_cm":4866,"minecraft:damage_taken":10,"minecraft:time_since_death":6830,"minecraft:walk_one_cm":8422,"minecraft:fall_one_cm":894,"minecraft:fly_one_cm":3414},"minecraft:mined":{"minecraft:grass":15,"minecraft:grass_block":1,"minecraft:oak_leaves":8,"minecraft:dirt":1},"minecraft:used":{"minecraft:dirt":2}},"DataVersion":2586}